name,slot,source,agi,sta,int,spi,str,ap,rap,mp5,hit,crit,armor,dps,unique,verified,notes
Chest - Lesser Stats,chest,Enchanting 200,2,2,2,2,2,,,,,,,,,no,+2 all stats
Chest - Superior Stamina (as listed),chest,Enchanting 220,,8,,,,,,,,,,,,no,Name/value from a search snippet; check in game
Bracer - Lesser Intellect,wrist,Enchanting 150,,,5,,,,,,,,,,,no,
Bracer - Stamina,wrist,Enchanting,,5,,,,,,,,,,,,no,Classic value; confirm exists in Forever
Cloak - Minor Agility,back,Enchanting 110,3,,,,,,,,,,,,,no,
Gloves - Agility,hands,Enchanting,7,,,,,,,,,,,,,no,+7 Agi appears on BiS lists for hands
Boots - Stamina,feet,Enchanting,,5,,,,,,,,,,,,no,Classic value; confirm
Boots - Minor Speed,feet,Enchanting,,,,,,,,,,,,,,no,Not a stat; often still the PvP pick
Legs - Armor Kit (+32 armor),legs,Leatherworking,,,,,,,,,,,32,,,no,
Scope - +5 damage,ranged,Engineering,,,,,,,,,,,,1.8,,no,"+5 dmg / 2.8 speed ~ +1.8 DPS"
